Date,Actual,LR,RF,RF_OnChain
2023-01-02,16688.470703125,16826.442156580328,16874.363699388578,16873.31917794489
2023-01-03,16679.857421875,16826.442156580328,16874.363699388578,16873.31917794489
2023-01-04,16863.23828125,16826.442156580328,16874.363699388578,16873.31917794489
2023-01-05,16836.736328125,16826.442156580328,16874.363699388578,16873.31917794489
2023-01-06,16951.96875,16826.442156580328,16874.363699388578,16873.31917794489
2023-01-07,16955.078125,16882.643372240625,16915.421283722855,16914.563796913444
2023-01-08,17091.14453125,16993.129479300464,17029.939514829068,17029.37487228747
2023-01-09,17196.5546875,17053.222471505935,17076.513563949964,17077.299835980193
2023-01-10,17446.29296875,17219.007707161938,17259.393573930436,17259.488923981076
2023-01-11,17934.896484375,17463.548888596368,17539.50928593818,17544.07771244627
2023-01-12,18869.587890625,17974.44633636513,18116.282623863826,18119.03869565248
2023-01-13,19909.57421875,18658.419509181396,18878.43615235712,18876.937882083377
2023-01-14,20976.298828125,19552.48874533935,19850.127341324478,19843.38721811496
2023-01-15,20880.798828125,20191.4574055271,20458.169351726327,20451.70358943019
2023-01-16,21169.6328125,20857.565669818665,21061.776064186844,21052.639717299084
2023-01-17,21161.51953125,21251.313809139738,21320.368884217496,21313.522842150567
2023-01-18,20688.78125,21282.8113517705,21145.14950206827,21139.03083358428
2023-01-19,21086.79296875,21274.356969724213,21005.98622866501,21006.527212088804
2023-01-20,22676.552734375,21933.23507040875,21704.37679647695,21697.92297569021
2023-01-21,22777.625,22175.552605787467,21985.81748702848,21978.736231048446
2023-01-22,22720.416015625,22393.40200822634,22286.37682221592,22276.869117776776
2023-01-23,22934.431640625,22847.442584207878,22885.361049551164,22879.33772123379
2023-01-24,22636.46875,23026.418913687114,23056.71323240079,23047.70031678367
2023-01-25,23117.859375,22960.11275439486,22948.918658409755,22946.852162904797
2023-01-26,23032.77734375,23040.65280480848,22955.63552879176,22951.622649768622
2023-01-27,23078.728515625,23153.93878306336,23054.69379951701,23053.09984718187
2023-01-28,23031.08984375,23137.638985674843,23014.60478052553,23012.054775769404
2023-01-29,23774.56640625,23504.580108528673,23460.88132490979,23460.24065514424
2023-01-30,22840.138671875,23165.84017306654,23113.981940127233,23115.52456747492
2023-01-31,23139.283203125,23220.23150175948,23214.83862574222,23216.792653347475
2023-02-01,23723.76953125,23431.5815527022,23452.819910877395,23455.329420679034
2023-02-02,23471.87109375,23509.10215861664,23493.077775925638,23496.09111290691
2023-02-03,23449.322265625,23304.190194061328,23266.34925909041,23268.46309148331
2023-02-04,23331.84765625,23538.078121949053,23509.815084795293,23509.360284975664
2023-02-05,22955.666015625,23382.367388607905,23337.375724187343,23335.960340372294
2023-02-06,22760.109375,23084.194419159918,22983.12388213332,22980.803472026313
2023-02-07,23264.291015625,23160.314899179386,23111.03631050536,23109.605638531826
2023-02-08,22939.3984375,23006.710339980273,22949.254863769595,22946.792945566922
2023-02-09,21819.0390625,22538.97271978092,22469.276852171555,22462.449216646277
2023-02-10,21651.18359375,22302.337703441626,22252.35221102751,22246.057565336792
2023-02-11,21870.875,22178.77917959091,22159.21119657419,22152.319914212716
2023-02-12,21788.203125,21781.087170515235,21736.254086354165,21726.335704550016
2023-02-13,21808.1015625,21597.45405744584,21582.18637229016,21573.400943308552
2023-02-14,22220.8046875,21882.71553694578,21945.586877020658,21943.783053244122
2023-02-15,24307.841796875,22763.22145267551,22883.661589852745,22878.99149423079
2023-02-16,23623.474609375,22932.553761176932,23060.263781372334,23054.34830831366
2023-02-17,24565.6015625,23645.4061415042,23846.82734322071,23847.773979247577
2023-02-18,24641.27734375,24233.904462000377,24424.247019350933,24425.612883370177
2023-02-19,24327.642578125,24638.601053798375,24699.72199539583,24699.117024034083
2023-02-20,24829.1484375,24555.667575811436,24553.346870951522,24559.184537319532
2023-02-21,24436.353515625,24855.981180744442,24766.81978242197,24771.6327899754
2023-02-22,24188.84375,24603.90897581136,24425.487434359056,24425.211235576848
2023-02-23,23947.4921875,24444.817559786774,24217.645814612035,24215.875442908036
2023-02-24,23198.126953125,24103.308489795665,23918.591206978548,23917.54662229216
2023-02-25,23175.375,23643.18718509646,23459.53922386074,23456.133250455892
2023-02-26,23561.212890625,23534.044227018276,23431.992389880186,23432.821939552414
2023-02-27,23522.87109375,23403.326826851102,23344.14577752156,23345.27775668852
2023-02-28,23147.353515625,23171.596361650147,23161.071423498284,23162.42014679849
2023-03-01,23646.55078125,23429.24631122362,23494.957762205886,23495.725447045705
2023-03-02,23475.466796875,23451.228675469425,23526.442654406463,23526.797330146797
2023-03-03,22362.6796875,22984.26815498383,23012.542837147113,23008.69615404621
2023-03-04,22353.349609375,22785.39092730185,22783.7682451215,22779.846167138287
2023-03-05,22435.513671875,22757.002156393362,22735.824240865528,22733.548711943284
2023-03-06,22429.7578125,22456.11378060197,22387.000029138784,22384.370756307628
2023-03-07,22219.76953125,22190.261423644275,22128.09675390273,22124.78948304089
2023-03-08,21718.080078125,22119.266969318935,22101.95031807277,22099.221070006475
2023-03-09,20363.021484375,21503.951196455255,21438.203373803757,21433.518882649092
2023-03-10,20187.244140625,21019.45358049373,20934.0311299654,20927.0513891141
2023-03-11,20632.41015625,20728.524680659466,20675.411141608598,20666.95325891532
2023-03-12,22163.94921875,20993.771098230445,21007.376220214763,20997.785079303867
2023-03-13,24197.533203125,21855.695872727905,21987.737211021387,21979.705176480693
2023-03-14,24746.07421875,22932.40758593707,23274.902257586615,23267.20446061443
2023-03-15,24375.9609375,23655.036760770694,24062.67844060206,24054.013471533126
2023-03-16,25052.7890625,24613.51702949218,25006.825052408134,25010.609847637763
2023-03-17,27423.9296875,25971.455044522612,26176.95199458983,26185.372047910867
2023-03-18,26965.87890625,26257.76873948709,26240.035362032806,26243.37994882833
2023-03-19,28038.67578125,27158.648745687446,26983.88914414506,26991.301669378387
2023-03-20,27767.236328125,27899.182591642788,27682.30551689965,27690.56911131793
2023-03-21,28175.81640625,28507.41657260844,28242.27936043931,28239.605990439944
2023-03-22,27307.4375,27847.465811594797,27626.735376102646,27621.35624257197
2023-03-23,28333.97265625,28406.028395451394,28228.772064056782,28234.189192954807
2023-03-24,27493.28515625,27915.492358539428,27730.22509892383,27730.17632826824
2023-03-25,27494.70703125,27963.049729129376,27743.60617305125,27745.12064799451
2023-03-26,27994.330078125,27878.797119875915,27724.25766472367,27727.96822327256
2023-03-27,27139.888671875,27816.14446611281,27701.81640022188,27704.392183286865
2023-03-28,27268.130859375,27346.096597741962,27294.98283938004,27292.997119366773
2023-03-29,28348.44140625,27877.394476009264,27833.692433478813,27838.131902576628
2023-03-30,28033.5625,27876.800291756954,27873.38194983158,27876.920725868502
2023-03-31,28478.484375,27958.770040720043,27962.549894516345,27964.575826720546
2023-04-01,28411.03515625,28318.29668915855,28362.892186900666,28365.12481615485
2023-04-02,28199.30859375,28451.31981385833,28482.50051465808,28483.421046154177
2023-04-03,27790.220703125,28071.82232017468,28075.04935136226,28070.738229852588
2023-04-04,28168.08984375,28275.231807968958,28242.031855659297,28239.459300207043
2023-04-05,28177.984375,28153.664376173936,28082.62829952625,28079.898087882746
2023-04-06,28044.140625,28088.259191364712,27998.233592272416,27995.223406861485
2023-04-07,27925.859375,28028.651146589975,27958.05919594702,27954.43881244802
2023-04-08,27947.794921875,28119.839010458112,28089.88321702619,28088.628928558952
2023-04-09,28333.05078125,28120.377633302363,28124.661191385698,28124.393745933477
2023-04-10,29652.98046875,28660.79801335153,28650.49734879316,28646.59418656071
2023-04-11,30235.05859375,29194.730068465615,29242.82310048996,29247.066407273313
2023-04-12,30139.052734375,29612.505992477927,29688.15389937857,29692.83578669016
2023-04-13,30399.06640625,30126.962284915637,30222.601293253152,30230.185141097474
2023-04-14,30485.69921875,30517.829358084662,30599.564937987314,30607.241673276894
2023-04-15,30318.49609375,30403.737692793133,30464.91270679028,30475.049284273304
2023-04-16,30315.35546875,30381.046067500825,30349.99609071609,30353.445290248037
2023-04-17,29445.044921875,30154.824736768518,30055.664444876875,30057.109442905825
2023-04-18,30397.552734375,30335.88477588917,30206.49033450793,30207.454372340173
2023-04-19,28822.6796875,29680.9770018867,29552.815475980005,29547.355072396844
2023-04-20,28245.98828125,29179.22339500837,29045.462312564494,29037.657195710402
2023-04-21,27276.91015625,28363.888830833126,28243.17948171458,28236.7145972298
2023-04-22,27817.5,28323.815777759068,28209.780416563997,28206.445921230403
2023-04-23,27591.384765625,27496.53366515275,27395.622840598102,27389.51252849719
2023-04-24,27525.33984375,27497.298276927577,27419.240292163166,27415.550483767653
2023-04-25,28307.59765625,27685.566944487706,27719.20109522097,27723.712556016428
2023-04-26,28422.701171875,28082.740484019694,28172.12733556053,28176.21098763391
2023-04-27,29473.787109375,28450.962317643127,28600.147145674164,28606.79749664182
2023-04-28,29340.26171875,28806.21334165942,28970.2242202561,28975.382606801984
2023-04-29,29248.48828125,29154.77748647694,29308.108976501135,29314.15461553543
2023-04-30,29268.806640625,29263.449924944103,29345.801675536884,29348.04567411131
2023-05-01,28091.568359375,29029.651339578522,29022.00035406071,29019.292111143703
2023-05-02,28680.537109375,28847.74701920147,28774.485586078583,28775.55667583323
2023-05-03,29006.30859375,28916.45328562684,28802.678959879348,28807.92127982732
2023-05-04,28847.7109375,28827.922278140904,28713.84526808199,28718.462448700644
2023-05-05,29534.384765625,28973.094369969087,28901.859002308665,28912.405420851697
2023-05-06,28904.623046875,29169.963666422595,29167.819723717043,29177.06693324222
2023-05-07,28454.978515625,28892.750222656898,28897.691034222742,28897.387293266143
2023-05-08,27694.2734375,28429.843489856772,28409.474701371662,28402.64703085519
2023-05-09,27658.775390625,28254.87313100496,28192.502326080943,28187.1652919627
2023-05-10,27621.755859375,27775.73710685086,27658.440484132083,27645.532151544176
2023-05-11,27000.7890625,27420.121290794188,27281.77678899503,27271.94783783874
2023-05-12,26804.990234375,27110.41532090483,27021.54770545863,27010.22700363709
2023-05-13,26784.078125,27025.75741498897,26991.054322638072,26982.912613800825
2023-05-14,26930.638671875,26868.85618607701,26888.378831031423,26882.195094742645
2023-05-15,27192.693359375,26811.36981769561,26862.682538346155,26860.01924008098
2023-05-16,27036.650390625,26880.550955431594,26964.408050292222,26961.214884276043
2023-05-17,27398.802734375,27107.462082551072,27189.24420835019,27192.62091884858
2023-05-18,26832.208984375,27029.38072005664,27089.539110155216,27088.985866985884
2023-05-19,26890.12890625,27025.781142638698,27065.34566444775,27063.64819383142
2023-05-20,27129.5859375,27031.569165656296,27051.05622405163,27049.439986509853
2023-05-21,26753.826171875,26970.430933242034,26945.11794039274,26943.418412109488
2023-05-22,26851.27734375,26826.906277232978,26786.59452091913,26784.384505625996
2023-05-23,27225.7265625,27077.589177945385,27053.434683094605,27058.886607705343
2023-05-24,26334.818359375,26782.233309706957,26739.829361467022,26744.849053232872
2023-05-25,26476.20703125,26632.35758424197,26593.42114128185,26596.52072033162
2023-05-26,26719.291015625,26727.832987255882,26714.851219722208,26723.40343888714
2023-05-27,26868.353515625,26750.13712322903,26728.727856865426,26737.825444766197
2023-05-28,28085.646484375,27064.2401152728,27054.126924423763,27062.582438224345
2023-05-29,27745.884765625,27414.857274217782,27451.055813481205,27458.10445056005
2023-05-30,27702.349609375,27599.225390626634,27652.457604990457,27657.872607056914
2023-05-31,27219.658203125,27569.10094055738,27596.17630943757,27595.992496074625
2023-06-01,26819.97265625,27500.651287234807,27469.11535192554,27464.603965042472
2023-06-02,27249.58984375,27236.807952783936,27178.113082674372,27174.160201763385
2023-06-03,27075.12890625,27185.123767490848,27082.590397028445,27078.63622095916
2023-06-04,27119.06640625,27090.046286718803,26990.799249059015,26987.92678717388
2023-06-05,25760.09765625,26629.836819552642,26534.514310583345,26531.259693420656
2023-06-06,27238.783203125,27023.631818067795,27011.94233859806,27011.912304255682
2023-06-07,26345.998046875,26573.11961488924,26547.227283918422,26545.558709573543
2023-06-08,26508.216796875,26516.35685525754,26501.26886060445,26502.946151282908
2023-06-09,26480.375,26361.453292795923,26350.926099768247,26351.701486469887
2023-06-10,25851.240234375,26539.8843405405,26519.36400778846,26521.50707731641
2023-06-11,25940.16796875,26012.15344358529,25968.810245994755,25971.110800112132
2023-06-12,25902.5,26100.89469910285,26053.71145861504,26054.437318613018
2023-06-13,25918.728515625,25930.802430789754,25907.67901242464,25906.35458822676
2023-06-14,25124.67578125,25549.954295433072,25495.398502312626,25494.240628463267
2023-06-15,25576.39453125,25661.000351714436,25663.760521029686,25666.91243583161
2023-06-16,26327.462890625,25845.213500087815,25881.816273147513,25888.614627883893
2023-06-17,26510.67578125,25971.095758876625,26052.615540713065,26061.336326810946
2023-06-18,26336.212890625,25996.426647482353,26094.14517316142,26101.458465528798
2023-06-19,26851.029296875,26562.341176248498,26700.418351168086,26712.43919443441
2023-06-20,28327.48828125,27306.90993442905,27471.767550664295,27481.640540443543
2023-06-21,30027.296875,28245.185616108396,28424.02700808969,28434.87566169274
2023-06-22,29912.28125,28835.640480077058,29037.007019059827,29045.17964951855
2023-06-23,30695.46875,29885.806812998268,30123.19271733636,30140.188739317713
2023-06-24,30548.6953125,30517.53870831735,30719.402419032143,30729.815851191735
2023-06-25,30480.26171875,30726.69613564912,30810.56823066302,30819.214038920483
2023-06-26,30271.130859375,30471.84419618029,30446.031639841687,30448.21244743156
2023-06-27,30688.1640625,30833.207337130407,30712.20737391155,30716.151501052467
2023-06-28,30086.24609375,30489.270033269084,30284.377413643855,30276.257923967358
2023-06-29,30445.3515625,30590.921177412027,30372.089350418733,30366.590561619378
2023-06-30,30477.251953125,30540.730707376853,30400.879985220585,30397.334250584932
2023-07-01,30590.078125,30615.97833147738,30530.03605078374,30528.988179718086
2023-07-02,30620.76953125,30457.770423977938,30445.415057887632,30444.12482800454
2023-07-03,31156.439453125,30885.747317032354,30908.28138979273,30914.89884195691
2023-07-04,30777.58203125,30773.208324068335,30816.018233898933,30820.121613036543
2023-07-05,30514.166015625,30739.260645804323,30750.235385113025,30753.5458665641
2023-07-06,29909.337890625,30465.591724415608,30464.364413323776,30462.680065703964
2023-07-07,30342.265625,30529.580319697194,30505.627441114142,30504.89393915502
2023-07-08,30292.541015625,30247.951531409548,30196.458079912285,30190.81484502933
2023-07-09,30171.234375,30192.140384052567,30130.020695987063,30125.157531359662
2023-07-10,30414.470703125,30240.37384063595,30223.21063787951,30221.242750693615
2023-07-11,30620.951171875,30525.052674644936,30535.357658169138,30537.23709917933
2023-07-12,30391.646484375,30368.55052269895,30380.884307819437,30381.020479444684
2023-07-13,31476.048828125,30826.95818515453,30852.540796845726,30861.990569190973
2023-07-14,30334.068359375,30648.398009974335,30699.433054208803,30705.522652931017
2023-07-15,30295.806640625,30607.108652218285,30612.82002965264,30616.4146870802
2023-07-16,30249.1328125,30501.648070242656,30481.405827298888,30483.33719787085
2023-07-17,30145.888671875,30520.271049771727,30464.138675661503,30465.068267748953
2023-07-18,29856.5625,29922.04521333369,29858.15894664299,29851.92311091505
2023-07-19,29913.923828125,30090.756334819336,30004.776358918607,30003.05355560417
2023-07-20,29792.015625,29947.81390812023,29887.504136979864,29884.637800347344
2023-07-21,29908.744140625,29901.814489776072,29856.86523181859,29856.22363372219
2023-07-22,29771.802734375,29776.964559553366,29775.943836989278,29774.845226370042
2023-07-23,30084.5390625,29935.325366436457,29950.864252370877,29950.079197438154
2023-07-24,29176.916015625,29590.432197207334,29592.088659093657,29591.037224537264
2023-07-25,29227.390625,29535.68114951281,29521.79251518791,29522.705871520848
2023-07-26,29354.97265625,29431.74925600266,29413.34017575277,29414.774831815874
2023-07-27,29210.689453125,29340.293023314996,29300.052828508917,29301.971548552938
2023-07-28,29319.24609375,29138.44207911591,29101.96510630793,29104.6733615353
2023-07-29,29356.91796875,29351.01904600812,29344.871745856293,29347.67870486359
2023-07-30,29275.30859375,29312.84165554181,29320.80053049784,29321.95206135226
2023-07-31,29230.111328125,29249.780395019967,29257.77589698355,29256.70061723435
2023-08-01,29675.732421875,29444.88845620935,29490.358472014526,29492.99288200884
2023-08-02,29151.958984375,29299.786319775227,29317.3774118042,29312.909462489566
2023-08-03,29178.6796875,29277.18281792048,29279.49776265779,29275.820611952415
2023-08-04,29074.091796875,29242.321486981604,29233.126344702534,29229.245686162205
2023-08-05,29042.126953125,29219.810140139558,29197.03948611608,29193.915052980457
2023-08-06,29041.85546875,29004.865603139264,28958.727042588383,28952.997455303557
2023-08-07,29180.578125,29140.78096221293,29115.145631550964,29115.471081765903
2023-08-08,29765.4921875,29347.521031628443,29349.59915362483,29353.127779752384
2023-08-09,29561.494140625,29410.820410285243,29430.539930879382,29434.307457923896
2023-08-10,29429.591796875,29447.01314286819,29489.49635615588,29491.464192631764
2023-08-11,29397.71484375,29512.046378571395,29553.040502586675,29555.065810562744
2023-08-12,29415.96484375,29552.442325647968,29573.90715880262,29575.675183404637
2023-08-13,29282.9140625,29342.702188441122,29321.218550522008,29317.617660589924
2023-08-14,29408.443359375,29396.83369164394,29359.407076771964,29357.691376962997
2023-08-15,29170.34765625,29327.344319672695,29279.871041502058,29279.226922456623
2023-08-16,28701.779296875,29107.89236233429,29039.720962169413,29035.252388559653
2023-08-17,26664.55078125,28188.46828470308,28150.636679449155,28132.873388111846
2023-08-18,26049.556640625,27481.656324286458,27408.87904489086,27390.6227952337
2023-08-19,26096.205078125,26822.7974817758,26732.215121136695,26713.66841148885
2023-08-20,26189.583984375,26304.657507802243,26212.13823382778,26195.391914429892
2023-08-21,26124.140625,25816.616939365103,25790.81896481772,25774.931618568062
2023-08-22,26031.65625,25964.580069756503,25973.494509859353,25969.72722674667
2023-08-23,26431.640625,26145.260060098688,26250.85487044747,26250.59980932583
2023-08-24,26162.373046875,26064.10915117195,26189.340165188434,26187.234888132145
2023-08-25,26047.66796875,25990.672006566212,26112.792363617977,26108.401917955023
2023-08-26,26008.462890625,26018.797287737732,26096.743909091037,26095.165157161322
2023-08-27,26089.693359375,26126.708922935122,26149.947767163467,26150.633320284775
2023-08-28,26106.150390625,26034.292736388034,26014.582480598543,26013.640015161633
2023-08-29,27727.392578125,26701.51014896045,26719.481695583614,26719.866770943365
2023-08-30,27297.265625,26858.808546549186,26901.477132291377,26898.96623910561
2023-08-31,25931.47265625,26607.62060646197,26626.820202291354,26620.2098195203
2023-09-01,25800.724609375,26517.49133345413,26521.11029237892,26512.762651939986
2023-09-02,25868.798828125,26535.266159962317,26481.763361966714,26473.76658203667
2023-09-03,25969.56640625,25945.109429844735,25819.670144221323,25812.725680674663
2023-09-04,25812.416015625,25732.01697120148,25588.428612845928,25584.465307274157
2023-09-05,25779.982421875,25902.682324324698,25818.01404646649,25818.29258150599
2023-09-06,25753.236328125,25876.782671170407,25828.100657074487,25828.493158625784
2023-09-07,26240.1953125,25969.019620472125,25996.510985677443,26000.5612688102
2023-09-08,25905.654296875,25835.95273713681,25896.009361140663,25897.038357752434
2023-09-09,25895.677734375,25875.461838069918,25938.788111248607,25940.517925956377
2023-09-10,25832.2265625,25912.128069123148,25941.305358278598,25941.050371454763
2023-09-11,25162.654296875,25719.116684926146,25693.644844536768,25689.53794500479
2023-09-12,25833.34375,25678.815050084446,25642.392271936704,25638.867142599374
2023-09-13,26228.32421875,25876.807680207614,25851.87926993403,25850.522837169137
2023-09-14,26539.673828125,26046.775894088845,26050.59728590477,26050.21549884361
2023-09-15,26608.693359375,26197.096459746164,26241.164105204964,26244.121558318224
2023-09-16,26568.28125,26560.97118609114,26650.08739510936,26656.958763000508
2023-09-17,26534.1875,26570.984019702453,26641.261595374577,26643.576052377357
2023-09-18,26754.28125,26673.244139211987,26714.611863437087,26717.077779132804
2023-09-19,27211.1171875,26863.186975193064,26888.211686249015,26892.320659946643
2023-09-20,27132.0078125,26971.219708365366,26955.980539065542,26956.8197231456
2023-09-21,26567.6328125,26884.71943130081,26849.19694201206,26843.601844301815
2023-09-22,26579.568359375,26905.96784386303,26871.641643770294,26866.125627901092
2023-09-23,26579.390625,26823.621265016478,26788.56062723604,26783.015674408467
2023-09-24,26256.826171875,26500.11316175823,26428.23838367535,26418.89318848961
2023-09-25,26298.48046875,26358.037746046466,26293.65979178278,26286.705695430283
2023-09-26,26217.25,26367.24771577377,26321.09392849605,26318.890979344404
2023-09-27,26352.716796875,26328.92101507437,26304.207543340533,26302.43392437995
2023-09-28,27021.546875,26507.91616969417,26531.30928591728,26532.989858592773
2023-09-29,26911.720703125,26642.2575254346,26700.675381582063,26701.885518187173
2023-09-30,26967.916015625,26763.352275795216,26838.141495380747,26839.364232694228
2023-10-01,27983.75,27320.290773081448,27407.261602336912,27416.3376528768
2023-10-02,27530.78515625,27455.12770942675,27504.144300684555,27511.567504128674
2023-10-03,27429.978515625,27415.246731851475,27426.498360401863,27429.15329940202
2023-10-04,27799.39453125,27707.393024126202,27701.58358267136,27707.267079896097
2023-10-05,27415.912109375,27754.114553132677,27690.24011048851,27694.032141879754
2023-10-06,27946.59765625,27681.69369781028,27599.18843968951,27598.908983877027
2023-10-07,27968.83984375,27863.33064373139,27801.394112319493,27802.987920865602
2023-10-08,27935.08984375,27964.50971759531,27915.61150126687,27918.095841890812
2023-10-09,27583.677734375,27774.430490411578,27726.009018407574,27726.648823746655
2023-10-10,27391.01953125,27800.41399737508,27769.82307595555,27770.91253603757
2023-10-11,26873.3203125,27391.075759631356,27326.92484839313,27324.428660437512
2023-10-12,26756.798828125,27139.191107822622,27050.778325058975,27047.353438059792
2023-10-13,26862.375,26954.19288511204,26868.753856381063,26866.781126079353
2023-10-14,26861.70703125,26869.507052221405,26796.007352583198,26794.85741121258
2023-10-15,27159.65234375,26872.56112191695,26845.043775757844,26846.10038354268
2023-10-16,28519.466796875,27512.369929187516,27521.013051960173,27520.444712823413
2023-10-17,28415.748046875,27786.695784695057,27854.821315808505,27854.235588197847
2023-10-18,28328.341796875,28024.378477056016,28105.099527822524,28102.916928152565
2023-10-19,28719.806640625,28472.273849529196,28557.11503113329,28556.022546338423
2023-10-20,29682.94921875,29153.37796780958,29210.33878788162,29210.5407249292
2023-10-21,29918.412109375,29254.36326947437,29310.570296318125,29316.635562410298
2023-10-22,29993.896484375,29643.44153180826,29670.17636256462,29677.502926031
2023-10-23,33086.234375,31261.01735970953,31213.543767173647,31216.463220814196
2023-10-24,33901.52734375,32347.304771957,32363.217977968423,32365.769634708624
2023-10-25,34502.8203125,33177.5346110921,33259.05405950496,33264.363128367506
2023-10-26,34156.6484375,33846.465135042636,33972.59545771978,33976.59765532497
2023-10-27,33909.80078125,34601.281432626434,34670.90231792847,34672.41999112517
2023-10-28,34089.57421875,34277.6464564939,34343.22360873238,34351.27691832708
2023-10-29,34538.48046875,34480.82296172861,34405.020367176236,34414.986915915
2023-10-30,34502.36328125,34410.007582164675,34252.23928945439,34256.974149660055
2023-10-31,34667.78125,34668.91623544348,34475.83599836781,34480.92476233657
2023-11-01,35437.25390625,35138.01505127714,35003.252256472464,35009.84706963292
2023-11-02,34938.2421875,35081.01525590556,35032.49744758835,35038.532398471805
2023-11-03,34732.32421875,34885.34732426753,34902.2213623077,34904.55761538376
2023-11-04,35082.1953125,35085.95303914327,35100.11107299717,35101.34241659152
2023-11-05,35049.35546875,35145.85321671808,35125.49655298493,35125.04381514173
2023-11-06,35037.37109375,34918.97210387834,34881.18953686776,34880.443548142546
2023-11-07,35443.5625,35232.073414545506,35155.521584215654,35153.16189302521
2023-11-08,35655.27734375,35494.50346078046,35432.67004911003,35431.90942808336
2023-11-09,36693.125,35948.34317588474,35888.7136323953,35888.706877956356
2023-11-10,37313.96875,36493.46733750746,36481.7946972497,36484.50174352554
2023-11-11,37138.05078125,36829.010200428755,36868.76074583676,36870.565363161346
2023-11-12,37054.51953125,37018.580870505546,37092.87054565409,37093.98001367655
2023-11-13,36502.35546875,37043.10454416722,37104.64885038037,37104.65910631395
2023-11-14,35537.640625,36422.85978945902,36479.66130828457,36477.12121809508
2023-11-15,37880.58203125,37037.09083931155,36890.15833108497,36884.52436253446
2023-11-16,36154.76953125,36525.64361509257,36405.71712748353,36400.11836859508
2023-11-17,36596.68359375,36584.67294284388,36433.10846822499,36428.29088999688
2023-11-18,36585.703125,36679.96394493082,36552.17636701466,36547.45312930793
2023-11-19,37386.546875,37444.63057551583,37283.04929080029,37280.69444200084
2023-11-20,37476.95703125,36759.3915332373,36794.81976519128,36793.99388292922
2023-11-21,35813.8125,36730.31837827963,36737.40238751773,36738.70250116771
2023-11-22,37432.33984375,37183.104560652006,37139.479669960754,37147.06948307264
2023-11-23,37289.62109375,37336.79696170853,37255.16561673419,37260.97885050076
2023-11-24,37720.28125,37293.04242231359,37249.42106075338,37255.28413156567
2023-11-25,37796.79296875,37333.91728388263,37313.528337007694,37319.84025555836
2023-11-26,37479.12109375,37949.41033829269,37900.07802032681,37905.9544962883
2023-11-27,37254.16796875,37472.83939258552,37482.482756291865,37482.28614700356
2023-11-28,37831.0859375,37775.46099306978,37746.1874296238,37749.26856188903
2023-11-29,37858.4921875,37700.463590084866,37688.663322040935,37692.85318398451
2023-11-30,37712.74609375,37671.77897554265,37619.33336548069,37620.117971336884
2023-12-01,38688.75,38205.53746825528,38116.62144961392,38115.4824348667
2023-12-02,39476.33203125,38861.7177351005,38783.7174969069,38782.289420552595
2023-12-03,39978.390625,39193.22098806886,39204.94523249341,39202.899520073115
2023-12-04,41980.09765625,40448.06522653259,40454.83922247987,40448.07450980268
2023-12-05,44080.6484375,42200.62164109891,42221.317298630056,42211.0959622627
2023-12-06,43746.4453125,42772.133759613236,42969.86317178241,42961.196407490446
2023-12-07,43292.6640625,43169.4198953794,43468.72931309353,43459.942374616054
2023-12-08,44166.6015625,44146.42176692904,44385.474983232634,44384.31734878303
2023-12-09,43725.984375,43960.51969797755,44207.64580221624,44209.16151234955
2023-12-10,43779.69921875,43507.87519259788,43710.698457189035,43721.410196559365
2023-12-11,41243.83203125,42613.047356436306,42838.58347697189,42821.25820726742
2023-12-12,41450.22265625,42580.726801969155,42603.65191849248,42587.524943995195
2023-12-13,42890.7421875,42540.121274757184,42417.251122487665,42385.191805163646
2023-12-14,43023.97265625,42545.85487012584,42398.50846170783,42368.33001269268
2023-12-15,41929.7578125,41799.59643692401,41787.12499636811,41751.031974732156
2023-12-16,42240.1171875,42684.15652728408,42494.129180520846,42487.37964432197
2023-12-17,41364.6640625,42343.94975257389,42268.3631110565,42260.226005811055
2023-12-18,42623.5390625,42242.45125100138,42195.95183843309,42191.34365752345
2023-12-19,42270.52734375,41941.912790055045,41936.66239250413,41930.65473430114
2023-12-20,43652.25,42969.948028488834,42753.786116852934,42745.76350388667
2023-12-21,43869.15234375,43214.304949984726,43062.82734276501,43057.82412465376
2023-12-22,43997.90234375,43934.20969493911,43789.10650326656,43785.99599031638
2023-12-23,43739.54296875,43664.84404775541,43707.721635238035,43708.40945823262
2023-12-24,43016.1171875,43746.58237358899,43782.80003039799,43784.674805944924
2023-12-25,43613.140625,43572.780146767116,43644.61083470326,43651.67550871197
2023-12-26,42520.40234375,43065.7892549041,43106.83221798146,43107.656235643
2023-12-27,43442.85546875,43231.50923225918,43157.926143014694,43154.47695575549
2023-12-28,42627.85546875,42903.056005238905,42833.29271574052,42833.21941129769
2023-12-29,42099.40234375,42781.942127899194,42683.62647331982,42680.91674363662
2023-12-30,42156.90234375,42329.32516321998,42292.349176189164,42288.55602480943
2023-12-31,42265.1875,42596.3666899113,42486.232406447416,42487.145097698914
2024-01-01,44167.33203125,42972.34228856921,42848.48916478238,42852.058849136876
2024-01-02,44957.96875,43798.426242483256,43649.868259797295,43651.79689441064
2024-01-03,42848.17578125,43438.41334116087,43499.68197595451,43475.28318861753
2024-01-04,44179.921875,44160.27301541029,44130.240333327965,44103.23409154471
2024-01-05,44162.69140625,44481.6702361373,44475.578037551495,44445.15734616353
2024-01-06,43989.1953125,43927.61881879593,43991.45413796237,43959.86405669325
2024-01-07,43943.09765625,43557.63762143649,43603.011385248275,43567.61104304185
2024-01-08,46970.50390625,45843.9473161713,45522.906387648036,45533.77918045359
2024-01-09,46139.73046875,45571.49279090654,45494.2040953581,45508.789158863605
2024-01-10,46627.77734375,46139.40135093099,46096.035368385645,46112.81927334234
2024-01-11,46368.5859375,46483.54146614541,46544.47924232422,46562.33206898838
2024-01-12,42853.16796875,45432.91006526289,45743.35385474915,45740.42391563412
2024-01-13,42842.3828125,43868.04878697549,44226.42799880289,44205.38426672277
2024-01-14,41796.26953125,43161.99360239085,43322.92086455977,43299.339000549175
2024-01-15,42511.96875,42543.04303576167,42538.49021008663,42515.77500585837
2024-01-16,43154.9453125,42195.840139479966,42082.954041967496,42063.10721184824
2024-01-17,42742.65234375,42896.06367884971,42575.40176582688,42576.52387628348
2024-01-18,41262.05859375,42083.66374638023,41995.33648387279,41997.31761469317
2024-01-19,41618.40625,42331.80073996992,42238.352296734956,42244.59508286335
2024-01-20,41665.5859375,41929.41667330992,41950.012245022765,41954.63339742748
2024-01-21,41545.78515625,41454.557534514395,41477.564215671184,41478.17907082868
2024-01-22,39507.3671875,40440.58062128176,40538.531804810904,40530.461384960945
2024-01-23,39845.55078125,40669.66839191901,40598.6765917701,40592.485035728285
2024-01-24,40077.07421875,40328.058246407934,40269.8057222519,40265.05882700677
2024-01-25,39933.80859375,39924.960659812285,39875.94829991687,39867.773760929376
2024-01-26,41816.87109375,40430.866188313965,40354.69699569557,40353.18289038763
2024-01-27,42120.0546875,41465.20460010796,41315.974452979026,41331.26128519746
2024-01-28,42035.59375,41696.99818088618,41664.54741658644,41675.34146368338
2024-01-29,43288.24609375,42513.126750105876,42509.57218176117,42525.86703509621
2024-01-30,42952.609375,43001.11936934978,43073.12165111085,43091.40712036111
2024-01-31,42582.60546875,42596.0267747941,42750.60490178287,42763.436312064594
2024-02-01,43075.7734375,42916.836058707486,42979.86418493998,42987.81173890107
2024-02-02,43185.859375,43273.384359850534,43258.52929403127,43271.14810454168
2024-02-03,42992.25,42898.89063016153,42906.55648976427,42908.303977939984
2024-02-04,42583.58203125,42844.345886333205,42818.702987885976,42819.67601098086
2024-02-05,42658.66796875,43003.541321523626,42936.32093905841,42938.699368662434
2024-02-06,43084.671875,42995.4770543253,42914.09366953348,42916.09179394425
2024-02-07,44318.22265625,43499.997537705596,43357.67024256794,43354.189235430815
2024-02-08,45301.56640625,44211.695526395764,44061.33407475314,44056.995495865485
2024-02-09,47147.19921875,45637.117452931416,45493.49248804203,45492.56530003991
2024-02-10,47771.27734375,46649.4765960065,46634.23543070187,46638.01135310169
2024-02-11,48293.91796875,47585.84025165894,47722.903354833994,47726.82153591822
2024-02-12,49958.22265625,48758.886414072775,49002.594304872255,49032.79509633694
2024-02-13,49742.44140625,49279.44663287697,49634.96745679283,49666.7964204645
2024-02-14,51826.6953125,50343.918195706356,50605.271649024566,50640.8070229042
2024-02-15,51938.5546875,51052.394157605435,51330.85149622753,51365.639135771984
2024-02-16,52160.203125,51787.855922207236,52026.019115353294,52070.17512268394
2024-02-17,51662.99609375,51529.94887411957,51870.736981443864,51890.80086091064
2024-02-18,52122.546875,52321.2695209059,52496.01000972211,52521.69120315743
2024-02-19,51779.14453125,51662.99675246639,51940.74990831195,51958.61506791335
2024-02-20,52284.875,52012.32229219464,52089.351385799644,52104.29438438604
2024-02-21,51839.1796875,51822.535925531345,51885.95151249076,51888.136630605004
2024-02-22,51304.97265625,51846.53261891371,51798.03668936319,51798.28283192136
2024-02-23,50731.94921875,51277.66629243725,51306.06718091657,51298.14330642638
2024-02-24,51571.1015625,51654.567589050086,51507.096365957506,51505.445278065396
2024-02-25,51733.23828125,51424.152649873446,51322.07726657147,51322.81016782803
2024-02-26,54522.40234375,52957.82278879864,52631.889145180736,52652.92346550526
2024-02-27,57085.37109375,54917.46662256543,54491.72893313128,54511.90380157798
2024-02-28,62504.7890625,58656.873367112494,58205.07538911638,58202.410351822546
2024-02-29,61198.3828125,59296.49717060036,59660.16263558667,59647.41753433207
2024-03-01,62440.6328125,61466.578769031956,62082.54273810148,62075.73990757494
2024-03-02,62029.84765625,61666.37557048717,62799.34823988832,62771.15709782384
2024-03-03,63167.37109375,62532.337401718585,63729.62301857574,63715.98651973156
2024-03-04,68330.4140625,63813.974901718575,64966.578895240535,64952.82923107676
2024-03-05,63801.19921875,64027.40297079277,64703.511259820756,64676.52034996556
2024-03-06,66106.8046875,65459.73088749997,65703.37273595508,65679.69957289057
2024-03-07,66925.484375,67033.20525926976,66996.63349213605,66996.15774523192
2024-03-08,68300.09375,68240.04048144828,68071.68671922923,68065.77743242942
2024-03-09,68498.8828125,66773.20623875786,66846.01900533361,66871.3093969779
2024-03-10,69019.7890625,69167.40535878818,69128.73942529864,69184.12216069487
2024-03-11,72123.90625,70721.90443073871,70745.69561234672,70814.10151721709
2024-03-12,71481.2890625,70933.93760805202,71273.81120471774,71317.20963774313
2024-03-13,73083.5,71827.32767378875,72310.17904479562,72357.16167058953
2024-03-14,71396.59375,71642.22124091655,72418.4346884299,72439.13432389233
2024-03-15,69403.7734375,70865.65023988747,71846.31922178145,71812.83295678305
2024-03-16,65315.1171875,67049.84370484565,68573.82072790689,68462.29840305026
2024-03-17,68390.625,68342.15433265973,69093.89014281941,69011.62654575503
2024-03-18,67548.59375,66614.07289806448,67357.07162382486,67259.49441733086
2024-03-19,61912.7734375,64377.62169862709,64688.703117116915,64601.95968376873
2024-03-20,67913.671875,66216.78553275086,66243.70737572436,66199.97334373216
2024-03-21,65491.390625,66751.19595184436,66511.66635618689,66455.02872867505
2024-03-22,63778.76171875,64000.281528256484,64174.52398417937,64098.33935191954
2024-03-23,64062.203125,63598.08036565011,63751.28866507391,63687.34268718475
2024-03-24,67234.171875,67245.29895940011,67055.59827576372,67027.85260929617
2024-03-25,69958.8125,67315.65247815491,66982.84110905905,66996.13234102115
2024-03-26,69987.8359375,68716.17863356438,68587.69623540733,68668.34665512279
2024-03-27,69455.34375,69885.27224976059,70031.91769499777,70102.32041371874
2024-03-28,70744.953125,71469.66048590143,71635.9483776214,71698.28898231545
2024-03-29,69892.828125,70169.71382824017,70916.42159019943,70946.55914343837
2024-03-30,69645.3046875,68928.05453053347,69906.93077292861,69893.19448404716
2024-03-31,71333.6484375,70169.74326157247,70574.4529855056,70566.91219272526
2024-04-01,69702.1484375,70005.00856770316,70351.42358922414,70334.72196474887
2024-04-02,65446.97265625,67274.45666454281,67972.3287337959,67927.57508884181
2024-04-03,65980.8125,67391.16108473587,67535.66850658391,67500.89898118796
2024-04-04,68508.84375,68543.63744126339,67972.47434529258,67943.38813356026
2024-04-05,67837.640625,66975.62814553335,66668.80385880716,66629.33666577529
2024-04-06,68896.109375,67831.320680995,67202.21870629868,67180.68292726677
2024-04-07,69362.5546875,70086.10627081123,69086.0547859983,69099.46588476218
2024-04-08,71631.359375,71690.13067744137,70605.04380408708,70619.51651598114
2024-04-09,69139.015625,69411.73321797221,69521.51468912265,69474.61469049272
2024-04-10,70587.8828125,70704.16526178378,70626.04497108824,70582.1915793504
2024-04-11,70060.609375,70302.46643490388,70431.74901467601,70380.12914174952
2024-04-12,67195.8671875,68662.60921757184,69180.60325176684,69074.7002885691
2024-04-13,63821.47265625,65097.454052697714,66361.88448800794,66195.53222300948
2024-04-14,65738.7265625,66602.98349921852,66752.72363209826,66648.79338294092
2024-04-15,63426.2109375,64016.26844767968,64353.96834297512,64198.45462521346
2024-04-16,63811.86328125,63358.093404934894,63338.72609427079,63195.07063309391
2024-04-17,61276.69140625,62428.914357218695,62267.38052764436,62113.708388598716
2024-04-18,63512.75390625,64566.87871645641,63400.02345983703,63302.98771202669
2024-04-19,63843.5703125,63372.45325963519,62650.05937694841,62553.89493472992
2024-04-20,64994.44140625,64726.92470491359,63826.90278342772,63783.34710478502
2024-04-21,64926.64453125,64507.320278539286,63937.22109501988,63881.321060143375
2024-04-22,66837.6796875,67056.82989825596,66075.80207109367,66085.6538441645
2024-04-23,66407.2734375,66250.31250394435,66082.90231228911,66087.23040506976
2024-04-24,64276.8984375,65297.732465612484,65574.51398470576,65513.648378474616
2024-04-25,64481.70703125,64886.402415721954,65251.40505480423,65194.602416223715
2024-04-26,63755.3203125,64587.30060824314,64871.24415462623,64811.28205987039
2024-04-27,63419.140625,63249.55803822146,63668.83304320499,63598.16669121511
2024-04-28,63113.23046875,62849.31454944583,63039.28661648347,62968.49571145086
2024-04-29,63841.12109375,63986.97862812631,63642.36057739558,63640.91180237313
2024-04-30,60636.85546875,62053.253857687836,62135.65764633108,62066.88197720363
2024-05-01,58254.01171875,60465.48884630448,60664.196835744064,60554.92151600596
2024-05-02,59123.43359375,60125.7897861336,60074.801612814284,59976.03027120345
2024-05-03,62889.8359375,61383.205399445316,60997.26432041575,60932.02565900246
2024-05-04,63891.47265625,61304.05147669066,61047.17180059825,60979.450173984435
2024-05-05,64031.1328125,62890.79136911531,62454.986380155104,62451.28515361554
2024-05-06,63161.94921875,64083.63995099487,63781.07710332429,63815.67111500764
2024-05-07,62334.81640625,63894.512588563666,64048.768951574384,64068.86496638444
2024-05-08,61187.94140625,61919.03889613871,62537.5716855963,62513.437722564966
2024-05-09,63049.9609375,62232.892821535585,62573.46676932774,62550.56823323417
2024-05-10,60792.77734375,60966.16139793796,61319.712886314,61245.62300717088
2024-05-11,60793.7109375,61050.53646265684,61046.09221287782,60982.707236762544
2024-05-12,61448.39453125,61501.46186275031,61203.492534276695,61157.00808624805
2024-05-13,62901.44921875,62832.06767569473,62157.99680996515,62129.81948976999
2024-05-14,61552.7890625,61256.611903354074,61117.810943508266,61062.91001954052
2024-05-15,66267.4921875,64434.98099499303,63993.04058499846,63956.27278637537
2024-05-16,65231.58203125,64635.12194357935,64622.00140548505,64576.61219136849
2024-05-17,67051.875,65988.04490400263,66046.82494055938,65997.9429757521
2024-05-18,66940.8046875,65886.86362589404,66474.82649062251,66412.8189080714
2024-05-19,66278.3671875,67011.16334900192,67573.97901877813,67525.2658399348
2024-05-20,71448.1953125,68150.91803650193,68761.8894247388,68720.71934238813
2024-05-21,70136.53125,68898.5072316806,69653.21772555375,69603.71288738771
2024-05-22,69122.3359375,68218.84066352484,69355.24119315886,69286.7186091987
2024-05-23,67929.5625,68143.5194786372,69286.15140915103,69211.18689689864
2024-05-24,68526.1015625,69269.79299883626,70057.37318375339,69997.42007026284
2024-05-25,69265.9453125,67730.7651846797,68438.21725641172,68410.48127599723
2024-05-26,68518.09375,67917.5217185806,68277.67908593349,68257.59201000174
2024-05-27,69394.5546875,68935.15429637051,68813.99135017546,68812.86589701373
2024-05-28,68296.21875,69189.82603250138,68901.2375752341,68900.91610082876
2024-05-29,67578.09375,68467.62854425467,68371.44491491161,68356.78282757789
2024-05-30,68364.9921875,68335.76835320408,68208.60241871374,68193.67904989868
2024-05-31,67491.4140625,68169.49588459267,67979.97169180971,67962.17339485654
2024-06-01,67706.9375,67592.14480780116,67475.52444472144,67460.30554383223
2024-06-02,67751.6015625,67934.61961868635,67694.62869897418,67697.37248286378
2024-06-03,68804.78125,68858.51267097006,68405.2690491835,68419.13132229398
2024-06-04,70567.765625,69582.94531261972,69065.82947947974,69079.57609985939
2024-06-05,71082.8203125,70629.01255715522,70138.28927346336,70169.35288457802
2024-06-06,70757.1640625,70796.98410737202,70607.38750423795,70627.00626604371
2024-06-07,69342.5859375,70414.52438517589,70538.12721781356,70531.11072989933
2024-06-08,69305.7734375,70045.72811716938,70335.18110442061,70319.33782794225
2024-06-09,69647.9921875,69396.53493117835,69816.4055292641,69803.73881419406
2024-06-10,69512.28125,69020.34648265084,69302.20292863996,69273.4294581997
2024-06-11,67332.03125,67819.86712545503,68130.00391539038,68050.97565632852
2024-06-12,68241.1875,68742.01378626276,68495.40588295544,68443.59978818751
2024-06-13,66756.3984375,67769.75822420226,67646.41737985678,67573.91298742087
2024-06-14,66011.09375,66717.61884246288,66648.49827073964,66557.2492144147
2024-06-15,66191.0,66235.71359176878,66084.60614862018,66014.52711243232
2024-06-16,66639.046875,67186.265403636,66629.4055258233,66620.5916630247
2024-06-17,66490.296875,66359.89984605499,66000.03635173957,65974.82412689793
2024-06-18,65140.74609375,66005.58666535738,65697.66450779319,65675.19781050565
2024-06-19,64960.296875,65978.40856064153,65612.60741414156,65581.91204113999
2024-06-20,64828.65625,65581.6931868744,65242.98382440271,65191.919950738156
2024-06-21,64096.19921875,64591.59474959882,64444.6462847572,64379.8922581348
2024-06-22,64252.578125,64258.22207507475,64093.04447989829,64047.36595107658
2024-06-23,63180.796875,64025.029696838676,63777.66433342919,63741.55788775672
2024-06-24,60277.4140625,62147.665453454945,62257.97713393811,62181.74689212014
2024-06-25,61804.640625,62208.8125849327,62043.95055847268,61988.30049607495
2024-06-26,60811.27734375,61501.75898979736,61334.50987033296,61270.07115267681
2024-06-27,61604.80078125,61239.59286177841,60943.40917770002,60881.90331578055
2024-06-28,60320.13671875,60548.866806872815,60345.327181873574,60277.75314339087
2024-06-29,60887.37890625,61876.35392973634,61242.96668915462,61231.773685480606
2024-06-30,62678.29296875,62017.588550359826,61469.8215379762,61451.234171049844
2024-07-01,62851.98046875,62667.53727541,62151.221312581874,62154.02509722797
2024-07-02,62029.015625,61987.80281074417,61872.37535548846,61859.08809261639
2024-07-03,60173.921875,61742.66608426266,61760.185805833826,61750.28891535006
2024-07-04,56977.703125,59704.26169591219,60191.78618983808,60125.34914702053
2024-07-05,56662.375,57910.757000132486,58523.28832537157,58451.193311190385
2024-07-06,58303.5390625,57725.955386169604,57917.16231326923,57840.95443532361
2024-07-07,55849.109375,56139.579825921566,56336.637043088886,56220.826277577595
2024-07-08,56705.09765625,56472.61959002089,56197.803085439526,56100.96476826109
2024-07-09,58009.2265625,58114.29291552936,57338.32389978309,57294.26479863479
2024-07-10,57742.49609375,58191.32359645139,57554.5064942515,57510.71860462961
2024-07-11,57344.9140625,57091.89818558149,56922.54938803037,56874.93364690122
2024-07-12,57899.46484375,58394.212055015414,57983.0660899369,57985.67197986883
2024-07-13,59231.953125,58987.85504377911,58596.93128577154,58593.98988792106
2024-07-14,60787.79296875,59501.23848334221,59219.02862005292,59220.6199271604
2024-07-15,64870.15234375,62261.33881518444,61576.47576443176,61619.742187435084
2024-07-16,65097.1484375,63709.20852142696,63272.85219929439,63331.112792607266
2024-07-17,64118.79296875,64116.53425401158,64155.34425886328,64194.65920366696
2024-07-18,63974.06640625,64356.0580389383,64767.26356363376,64794.98423202788
2024-07-19,66710.15625,66052.30299875037,66337.97664394203,66394.60586303454
2024-07-20,67163.6484375,65216.29348081802,66071.02441862835,66105.04354294532
2024-07-21,68154.5234375,66305.1144826485,66871.02031880128,66909.51559224432
2024-07-22,67585.25,67261.4183507602,67658.11628041006,67705.97268312043
2024-07-23,65927.671875,67236.76044682773,67704.89221188851,67745.6444541352
2024-07-24,65372.1328125,65834.96993552751,66564.04454299074,66567.40740906016
2024-07-25,65777.2265625,65800.92990253377,66242.10516754561,66240.96453328317
2024-07-26,67912.0625,66450.46976098958,66433.62306103826,66421.1721652143
2024-07-27,67813.3359375,66789.77266509554,66577.98364415034,66561.31648537698
2024-07-28,68255.8671875,68034.51994846066,67551.10085050407,67561.11209429533
2024-07-29,66819.9140625,67901.12819252713,67633.64762801789,67627.04593802737
2024-07-30,66201.015625,67560.38749831519,67472.14085744589,67449.71246539438
2024-07-31,64619.25,65484.33925719261,65948.75380477073,65894.05619193407
2024-08-01,65357.5,65507.28379269553,65679.62982352359,65643.72966022821
2024-08-02,61415.06640625,62788.6380006858,63427.43281998637,63336.478532667024
2024-08-03,60680.09375,62118.03098714928,62375.91380527177,62301.06826708702
2024-08-04,58116.9765625,60023.218932011296,60336.76828442209,60201.838265689075
2024-08-05,53991.45703125,57379.45922198195,57737.29269353799,57582.40092120776
2024-08-06,56034.31640625,56060.36251100397,56122.35542796108,55965.273640451625
2024-08-07,55027.4609375,55859.35835187758,55359.57849362595,55204.50041870183
2024-08-08,61710.13671875,57334.72056201361,56966.30567600762,56816.72238604691
2024-08-09,60880.11328125,57993.482398793276,57893.51610709969,57797.208925894214
2024-08-10,60945.8125,60288.8360097914,60169.69111047287,60122.6001053292
2024-08-11,58719.484375,58933.162842351114,59678.69406321498,59560.50172500442
2024-08-12,59354.515625,60247.84007596591,60951.4865385903,60893.45101236341
2024-08-13,60609.56640625,59260.517412369416,59797.29550704083,59742.67353359633
2024-08-14,58737.26953125,58774.422172490646,59167.24893663898,59108.447423324
2024-08-15,57560.09765625,57890.85376978897,58196.368695089324,58117.330326341515
2024-08-16,58894.10546875,59410.82420133485,59118.75384647566,59102.53688960838
2024-08-17,59478.97265625,59421.82385221517,59124.8111702136,59098.39759323073
2024-08-18,58483.96484375,58183.30967938766,58184.432780960764,58140.80496461049
2024-08-19,59493.453125,59287.05722519678,58953.029578144124,58927.2864343128
2024-08-20,59012.79296875,59769.113303366394,59407.01766096846,59395.01583747325
2024-08-21,61175.19140625,60439.70774413799,60012.2851414909,60009.48246514766
2024-08-22,60381.9140625,59962.07866634133,59892.255973607025,59876.931267086904
2024-08-23,64094.35546875,62712.44362776533,62084.02152759945,62121.95923945327
2024-08-24,64178.9921875,63104.42958196482,62836.89237161148,62875.78412879673
2024-08-25,64333.54296875,64201.1912537694,64046.72409424743,64097.38220139791
2024-08-26,62880.66015625,63087.53903166521,63624.63156013082,63647.5891034705
2024-08-27,59504.1328125,62175.503868463355,62898.32403290435,62856.19989425014
2024-08-28,59027.625,59899.87996277105,60933.84771735464,60847.84383128826
2024-08-29,59388.1796875,59447.52906475934,60028.04176374079,59946.43973317761
2024-08-30,59119.4765625,58571.4405328803,58871.45572316041,58777.799869983384
2024-08-31,58969.8984375,58488.44674617758,58371.20875619503,58282.34231979314
2024-09-01,57325.48828125,58686.43991796919,58294.42020530688,58265.10416638332
2024-09-02,59112.48046875,59441.369157633024,58793.51962909844,58771.37658959722
2024-09-03,57431.0234375,58220.76665438586,57955.49912691811,57912.90169694061
2024-09-04,57971.5390625,58199.80280208605,57921.65743483037,57885.18030868756
2024-09-05,56160.48828125,57055.92786704168,57037.43166347372,57008.382056705166
2024-09-06,53948.75390625,56287.30492860139,56231.297510343065,56174.171655056554
2024-09-07,54139.6875,54742.32861206944,54892.17197007728,54839.586946510666
2024-09-08,54841.56640625,55102.19132698112,54889.258988100206,54854.7715972589
2024-09-09,57019.53515625,55433.0503704604,55009.158932990875,54973.58821805705
2024-09-10,57648.7109375,56408.55460206609,55818.14540528634,55798.68989511238
2024-09-11,57343.171875,57460.60465757366,56912.65161903156,56931.50395643825
2024-09-12,58127.01171875,58231.49514590057,57852.29983879924,57870.02443119952
2024-09-13,60571.30078125,59776.19993209789,59361.920079693766,59377.17368815532
2024-09-14,60005.12109375,59229.241291000406,59395.18275373452,59404.34449800529
2024-09-15,59182.8359375,59039.79107055398,59386.7822188117,59380.55039053519
2024-09-16,58192.5078125,59051.86989775717,59411.56210209064,59394.967169539
2024-09-17,60308.5390625,60122.89187706204,60103.95190413519,60085.357967073214
2024-09-18,61649.6796875,60023.38270381801,60106.14398563418,60083.52712989129
2024-09-19,62940.45703125,61304.669722270744,61122.692721671934,61108.778695253364
2024-09-20,63192.9765625,62394.56464201225,62158.83086629737,62166.46377897456
2024-09-21,63394.83984375,63729.5496389932,63461.94739058354,63493.622330348495
2024-09-22,63648.7109375,63562.29297489698,63757.971042851554,63800.72755531028
2024-09-23,63329.80078125,63277.90554567877,63722.582234480404,63761.91411902988
2024-09-24,64301.96875,63541.243153680836,63907.628667015364,63947.978487519875
2024-09-25,63143.14453125,63185.44132953908,63546.162433102596,63558.718900102984
2024-09-26,65181.01953125,64394.13828754588,64314.2967080125,64327.08333624071
2024-09-27,65790.6640625,64997.20436124314,64834.73059271877,64839.56227323999
2024-09-28,65887.6484375,65663.4379668434,65457.675486771914,65470.09718138706
2024-09-29,65635.3046875,65416.02527936356,65437.54430583956,65439.73653029014
2024-09-30,63329.5,65063.011473830695,65189.63526061292,65152.28264490274
2024-10-01,60837.0078125,62649.84402466864,63303.81523650794,63203.335786125055
2024-10-02,60632.78515625,61582.16548686502,62059.698360222435,61935.515484748044
2024-10-03,60759.40234375,60829.400547795856,61031.02833523483,60907.26957580961
2024-10-04,62067.4765625,60898.14766167145,60691.07602940783,60570.77587466021
2024-10-05,62089.94921875,61500.58033645138,61034.301258099404,60969.62157369372
2024-10-06,62818.953125,62936.501076513276,62163.28957042152,62160.37151541542
2024-10-07,62236.66015625,62905.35976910929,62404.93960530276,62412.4365826616
2024-10-08,62131.96875,62900.16582581075,62598.93933654452,62595.92489218169
2024-10-09,60582.1015625,61484.67884983402,61658.21716749226,61640.09367136362
2024-10-10,60274.5,61092.31831423552,61207.747330719605,61182.96992918015
2024-10-11,62445.08984375,61603.517805625896,61410.23184013518,61380.60074972811
2024-10-12,63193.0234375,62287.92768448639,61911.944744709785,61897.2672310353
2024-10-13,62851.375,62275.67814025496,62022.71352366707,62010.06149042216
2024-10-14,66046.125,64982.45197761613,64314.540329138305,64360.32576369542
2024-10-15,67041.109375,66522.19226221423,65963.80558424359,66019.71772919147
2024-10-16,67612.71875,66652.39222712634,66699.3948815407,66756.83899134144
2024-10-17,67399.8359375,66901.22025920876,67299.98047246353,67332.1687859457
2024-10-18,68418.7890625,68475.47980180402,68744.82663748183,68790.14776978598
2024-10-19,68362.734375,67694.00801948865,68325.49661645832,68321.01987706847
2024-10-20,69001.703125,68072.30490356956,68665.99909997908,68669.25546789894
2024-10-21,67367.8515625,67377.3780893425,68071.34637436426,68045.0722071219
2024-10-22,67361.40625,67768.6079966067,68119.30212466152,68107.90028499023
2024-10-23,66432.1953125,66820.94127425435,67234.13959217214,67197.23986257371
2024-10-24,68161.0546875,67716.33471744243,67624.85791404222,67606.82150018196
2024-10-25,66642.4140625,66524.06197156804,66619.99986810358,66565.96194225388
2024-10-26,67014.6953125,67354.26400040276,67037.51635851976,67017.52112980583
2024-10-27,67929.296875,67806.89139442479,67388.83499696243,67375.92065152983
2024-10-28,69907.7578125,69566.23848713415,68807.43964780023,68820.64816187325
2024-10-29,72720.4921875,70659.45972090209,70195.87939521867,70248.76100583658
2024-10-30,72339.5390625,71885.83587271112,71591.51866312855,71663.4979932355
2024-10-31,70215.1875,71263.2547898456,71582.63126426555,71580.07583880355
2024-11-01,69482.46875,70828.23983232316,71482.18656813013,71464.40171710493
2024-11-02,69289.2734375,69920.40830334314,70809.64263905493,70765.93486274511
2024-11-03,68741.1171875,68040.85480915262,68985.54221023081,68885.36291257714
2024-11-04,67811.5078125,67334.7835560472,67942.98276961557,67829.53675149662
2024-11-05,69359.5625,68959.0243122822,68713.31332113783,68669.04842882171
2024-11-06,75639.078125,72043.55199248574,71591.1258192471,71512.35628625457
2024-11-07,75904.859375,73090.07705715373,73051.76940956785,73002.90064299658
2024-11-08,76545.4765625,74602.83082217156,74944.6674197344,74916.17823151608
2024-11-09,76778.8671875,76351.94282286831,77048.63290299129,77049.51217047838
2024-11-10,80474.1875,79156.99031467306,79999.90728946948,80051.99724359415
2024-11-11,88701.484375,82030.71968967306,82920.34066908486,82977.81434319288
2024-11-12,87955.8125,83294.69287753555,85006.01452981526,85041.05638426829
2024-11-13,90584.1640625,86681.3186362232,88469.47084019042,88517.48937354668
2024-11-14,87250.4296875,87347.33159321055,89451.8926327192,89379.81956282479
2024-11-15,91066.0078125,89646.8245457143,91826.72280671888,91739.04790703538
2024-11-16,90558.4765625,87399.58947563983,90244.73955448854,90187.50922358203
2024-11-17,89845.8515625,88600.04079326174,90622.80575747807,90565.64697652718
2024-11-18,90542.640625,88470.1267461773,90005.29126116577,89935.2419983238
2024-11-19,92343.7890625,92095.95676901075,92641.18927958095,92686.58906599553
2024-11-20,94339.4921875,92127.1557713465,92588.9756626962,92605.19219054535
2024-11-21,98504.7265625,96309.14363148654,95672.64803199108,95761.72005722192
2024-11-22,98997.6640625,98382.58268452596,97956.07017810157,98062.65283756302
2024-11-23,97777.28125,98304.19541359277,98715.9115601981,98780.33790533828
2024-11-24,98013.8203125,98254.88541926685,99369.59447256169,99451.25798815167
2024-11-25,93102.296875,95249.57026639808,97032.83851750531,97043.83578826814
2024-11-26,91985.3203125,91831.45292099087,94010.27366333854,93942.46163119173
2024-11-27,95962.53125,93502.73880017936,94499.97905445813,94464.9309695821
2024-11-28,95652.46875,94325.07066252016,94417.65593187326,94407.2589270379
2024-11-29,97461.5234375,95588.97255238153,94844.31951967967,94821.86138236313
2024-11-30,96449.0546875,97481.5588935001,96577.59633589626,96593.29118217266
2024-12-01,97279.7890625,99451.34841410472,98334.93437697769,98379.05569682275
2024-12-02,95865.3046875,96599.66176273025,96513.29792474808,96480.37530946934
2024-12-03,96002.1640625,96719.98904984181,96762.1519659151,96738.9556743524
2024-12-04,98768.53125,97485.52319546978,97498.69135788688,97493.55615200789
2024-12-05,96593.5703125,96913.80464665758,97072.05465326109,97012.08007571904
2024-12-06,99920.7109375,98773.19953117054,98630.95227498861,98611.87656511809
2024-12-07,99923.3359375,100279.3176565431,99954.08252828909,99969.75218284958
2024-12-08,101236.015625,101859.69150368334,101422.37704878395,101437.08470767253
2024-12-09,97432.71875,98086.54747093645,98933.64567097902,98818.50563338536
2024-12-10,96675.4296875,99043.76886314328,99500.2171571214,99454.70807376504
2024-12-11,101173.03125,99441.68932586735,100152.14877628024,100028.59244086852
2024-12-12,100043.0,98920.96595436102,99718.15810684985,99571.78105835101
2024-12-13,101459.2578125,99117.74073476205,99777.49427109156,99623.94963964705
2024-12-14,101372.96875,101654.90585736226,101625.78584223958,101565.65203860433
2024-12-15,104298.6953125,105121.63840429745,104732.25333968019,104733.55781903157
2024-12-16,106029.71875,104551.23512806115,104624.30467993878,104661.49163251708
2024-12-17,106140.6015625,106025.25960136889,106357.91534285154,106429.08717596135
2024-12-18,100041.5390625,102992.91974736183,103896.24917779863,103924.90998561113
2024-12-19,97490.953125,101243.10098095782,102287.21047573179,102229.24902912178
2024-12-20,97755.9296875,98883.74773134732,99765.0688188127,99666.462246025
2024-12-21,97224.7265625,96767.52113282903,97154.49530417325,97033.7485802656
2024-12-22,95104.9375,94348.65748922002,94089.3860959078,93872.49925329948
2024-12-23,94686.2421875,95584.34067632984,94543.51151831914,94365.12291510148
2024-12-24,98676.09375,98967.84557013362,96995.6140359052,96962.91876547999
2024-12-25,99299.1953125,99072.13832264161,97445.36484092411,97411.07740552684
2024-12-26,95795.515625,96743.8941348962,96263.37907158276,96146.38905466862
2024-12-27,94164.859375,96569.51000264578,96305.98429053815,96240.8603455504
2024-12-28,95163.9296875,97201.21059793467,96876.58477168388,96824.25175279392
2024-12-29,93530.2265625,93530.57240792771,93952.92641832316,93817.36805813822
2024-12-30,92643.2109375,91515.26970496692,92090.77744371528,91934.12235406289
